Date,CO2_Concentration_PPM
1958-03-01 00:00:00,315.7
1958-04-01 00:00:00,317.45
1958-05-01 00:00:00,317.51
1958-06-01 00:00:00,317.24
1958-07-01 00:00:00,315.86
1958-08-01 00:00:00,314.93
1958-09-01 00:00:00,313.2
1958-10-01 00:00:00,312.43
1958-11-01 00:00:00,313.33
1958-12-01 00:00:00,314.67
1959-01-01 00:00:00,315.58
1959-02-01 00:00:00,316.48
1959-03-01 00:00:00,316.65
1959-03-01 00:00:00,0.3
1959-04-01 00:00:00,317.72
1959-04-01 00:00:00,0.09
1959-05-01 00:00:00,318.29
1959-05-01 00:00:00,0.25
1959-06-01 00:00:00,318.15
1959-06-01 00:00:00,0.29
1959-07-01 00:00:00,316.54
1959-07-01 00:00:00,0.22
1959-08-01 00:00:00,314.8
1959-08-01 00:00:00,-0.04
1959-09-01 00:00:00,313.84
1959-09-01 00:00:00,0.2
1959-10-01 00:00:00,313.33
1959-10-01 00:00:00,0.29
1959-11-01 00:00:00,314.81
1959-11-01 00:00:00,0.47
1959-12-01 00:00:00,315.58
1959-12-01 00:00:00,0.29
1960-01-01 00:00:00,316.43
1960-01-01 00:00:00,0.27
1960-02-01 00:00:00,316.98
1960-02-01 00:00:00,0.16
1960-03-01 00:00:00,317.58
1960-03-01 00:00:00,0.29
1960-04-01 00:00:00,319.03
1960-04-01 00:00:00,0.41
1960-05-01 00:00:00,320.04
1960-05-01 00:00:00,0.55
1960-06-01 00:00:00,319.59
1960-06-01 00:00:00,0.45
1960-07-01 00:00:00,318.18
1960-07-01 00:00:00,0.52
1960-08-01 00:00:00,315.9
1960-08-01 00:00:00,0.35
1960-09-01 00:00:00,314.17
1960-09-01 00:00:00,0.11
1960-10-01 00:00:00,313.83
1960-10-01 00:00:00,0.16
1960-11-01 00:00:00,315.0
1960-11-01 00:00:00,0.06
1960-12-01 00:00:00,316.19
1960-12-01 00:00:00,0.19
1961-01-01 00:00:00,316.89
1961-01-01 00:00:00,0.15
1961-02-01 00:00:00,317.7
1961-02-01 00:00:00,0.23
1961-03-01 00:00:00,318.54
1961-03-01 00:00:00,0.3
1961-04-01 00:00:00,319.48
1961-04-01 00:00:00,0.14
1961-05-01 00:00:00,320.58
1961-05-01 00:00:00,0.17
1961-06-01 00:00:00,319.77
1961-06-01 00:00:00,0.06
1961-07-01 00:00:00,318.57
1961-07-01 00:00:00,0.12
1961-08-01 00:00:00,316.79
1961-08-01 00:00:00,0.28
1961-09-01 00:00:00,314.99
1961-09-01 00:00:00,0.26
1961-10-01 00:00:00,315.31
1961-10-01 00:00:00,0.47
1961-11-01 00:00:00,316.1
1961-11-01 00:00:00,0.35
1961-12-01 00:00:00,317.01
1961-12-01 00:00:00,0.26
1962-01-01 00:00:00,317.94
1962-01-01 00:00:00,0.33
1962-02-01 00:00:00,318.55
1962-02-01 00:00:00,0.27
1962-03-01 00:00:00,319.68
1962-03-01 00:00:00,0.36
1962-04-01 00:00:00,320.57
1962-04-01 00:00:00,0.34
1962-05-01 00:00:00,321.02
1962-05-01 00:00:00,0.14
1962-06-01 00:00:00,320.62
1962-06-01 00:00:00,0.27
1962-07-01 00:00:00,319.61
1962-07-01 00:00:00,0.33
1962-08-01 00:00:00,317.4
1962-08-01 00:00:00,0.19
1962-09-01 00:00:00,316.25
1962-09-01 00:00:00,0.4
1962-10-01 00:00:00,315.42
1962-10-01 00:00:00,0.03
1962-11-01 00:00:00,316.69
1962-11-01 00:00:00,0.19
1962-12-01 00:00:00,317.7
1962-12-01 00:00:00,0.22
1963-01-01 00:00:00,318.74
1963-01-01 00:00:00,0.25
1963-02-01 00:00:00,319.07
1963-02-01 00:00:00,0.16
1963-03-01 00:00:00,319.86
1963-03-01 00:00:00,0.06
1963-04-01 00:00:00,321.38
1963-04-01 00:00:00,0.25
1963-05-01 00:00:00,322.25
1963-05-01 00:00:00,0.38
1963-06-01 00:00:00,321.48
1963-06-01 00:00:00,0.27
1963-07-01 00:00:00,319.74
1963-07-01 00:00:00,0.04
1963-08-01 00:00:00,317.77
1963-08-01 00:00:00,0.12
1963-09-01 00:00:00,316.21
1963-09-01 00:00:00,-0.01
1963-10-01 00:00:00,315.99
1963-10-01 00:00:00,0.18
1963-11-01 00:00:00,317.07
1963-11-01 00:00:00,0.12
1963-12-01 00:00:00,318.35
1963-12-01 00:00:00,0.2
1964-01-01 00:00:00,319.57
1964-01-01 00:00:00,0.26
1964-02-01 00:00:00,320.01
1964-02-01 00:00:00,0.29
1964-03-01 00:00:00,320.74
1964-03-01 00:00:00,0.28
1964-04-01 00:00:00,321.84
1964-04-01 00:00:00,0.14
1964-05-01 00:00:00,322.26
1964-05-01 00:00:00,0.0
1964-06-01 00:00:00,321.89
1964-06-01 00:00:00,0.13
1964-07-01 00:00:00,320.44
1964-07-01 00:00:00,0.22
1964-08-01 00:00:00,318.69
1964-08-01 00:00:00,0.29
1964-09-01 00:00:00,316.7
1964-09-01 00:00:00,0.15
1964-10-01 00:00:00,316.87
1964-10-01 00:00:00,0.28
1964-11-01 00:00:00,317.68
1964-11-01 00:00:00,0.19
1964-12-01 00:00:00,318.71
1964-12-01 00:00:00,0.11
1965-01-01 00:00:00,319.44
1965-01-01 00:00:00,-0.04
1965-02-01 00:00:00,320.44
1965-02-01 00:00:00,0.13
1965-03-01 00:00:00,320.89
1965-03-01 00:00:00,0.05
1965-04-01 00:00:00,322.14
1965-04-01 00:00:00,0.09
1965-05-01 00:00:00,322.17
1965-05-01 00:00:00,-0.03
1965-06-01 00:00:00,321.87
1965-06-01 00:00:00,-0.01
1965-07-01 00:00:00,321.21
1965-07-01 00:00:00,0.24
1965-08-01 00:00:00,318.87
1965-08-01 00:00:00,0.06
1965-09-01 00:00:00,317.81
1965-09-01 00:00:00,0.35
1965-10-01 00:00:00,317.3
1965-10-01 00:00:00,0.14
1965-11-01 00:00:00,318.87
1965-11-01 00:00:00,0.37
1965-12-01 00:00:00,319.42
1965-12-01 00:00:00,0.22
1966-01-01 00:00:00,320.62
1966-01-01 00:00:00,0.37
1966-02-01 00:00:00,321.6
1966-02-01 00:00:00,0.36
1966-03-01 00:00:00,322.39
1966-03-01 00:00:00,0.47
1966-04-01 00:00:00,323.7
1966-04-01 00:00:00,0.48
1966-05-01 00:00:00,324.08
1966-05-01 00:00:00,0.59
1966-06-01 00:00:00,323.75
1966-06-01 00:00:00,0.58
1966-07-01 00:00:00,322.38
1966-07-01 00:00:00,0.36
1966-08-01 00:00:00,320.36
1966-08-01 00:00:00,0.47
1966-09-01 00:00:00,318.64
1966-09-01 00:00:00,0.26
1966-10-01 00:00:00,318.1
1966-10-01 00:00:00,0.25
1966-11-01 00:00:00,319.78
1966-11-01 00:00:00,0.29
1966-12-01 00:00:00,321.03
1966-12-01 00:00:00,0.5
1967-01-01 00:00:00,322.33
1967-01-01 00:00:00,0.53
1967-02-01 00:00:00,322.5
1967-02-01 00:00:00,0.28
1967-03-01 00:00:00,323.04
1967-03-01 00:00:00,0.2
1967-04-01 00:00:00,324.42
1967-04-01 00:00:00,0.22
1967-05-01 00:00:00,325.0
1967-05-01 00:00:00,0.28
1967-06-01 00:00:00,324.09
1967-06-01 00:00:00,0.11
1967-07-01 00:00:00,322.54
1967-07-01 00:00:00,0.05
1967-08-01 00:00:00,320.92
1967-08-01 00:00:00,0.17
1967-09-01 00:00:00,319.25
1967-09-01 00:00:00,0.19
1967-10-01 00:00:00,319.39
1967-10-01 00:00:00,0.41
1967-11-01 00:00:00,320.73
1967-11-01 00:00:00,0.3
1967-12-01 00:00:00,321.96
1967-12-01 00:00:00,0.29
1968-01-01 00:00:00,322.57
1968-01-01 00:00:00,0.07
1968-02-01 00:00:00,323.15
1968-02-01 00:00:00,0.2
1968-03-01 00:00:00,323.89
1968-03-01 00:00:00,0.26
1968-04-01 00:00:00,325.02
1968-04-01 00:00:00,0.18
1968-05-01 00:00:00,325.57
1968-05-01 00:00:00,0.18
1968-06-01 00:00:00,325.36
1968-06-01 00:00:00,0.39
1968-07-01 00:00:00,324.14
1968-07-01 00:00:00,0.5
1968-08-01 00:00:00,322.11
1968-08-01 00:00:00,0.37
1968-09-01 00:00:00,320.33
1968-09-01 00:00:00,0.34
1968-10-01 00:00:00,320.25
1968-10-01 00:00:00,0.27
1968-11-01 00:00:00,321.32
1968-11-01 00:00:00,0.18
1968-12-01 00:00:00,322.89
1968-12-01 00:00:00,0.29
1969-01-01 00:00:00,324.0
1969-01-01 00:00:00,0.44
1969-02-01 00:00:00,324.42
1969-02-01 00:00:00,0.39
1969-03-01 00:00:00,325.63
1969-03-01 00:00:00,0.54
1969-04-01 00:00:00,326.66
1969-04-01 00:00:00,0.5
1969-05-01 00:00:00,327.38
1969-05-01 00:00:00,0.56
1969-06-01 00:00:00,326.71
1969-06-01 00:00:00,0.41
1969-07-01 00:00:00,325.88
1969-07-01 00:00:00,0.54
1969-08-01 00:00:00,323.66
1969-08-01 00:00:00,0.48
1969-09-01 00:00:00,322.38
1969-09-01 00:00:00,0.64
1969-10-01 00:00:00,321.78
1969-10-01 00:00:00,0.48
1969-11-01 00:00:00,322.86
1969-11-01 00:00:00,0.48
1969-12-01 00:00:00,324.12
1969-12-01 00:00:00,0.38
1970-01-01 00:00:00,325.06
1970-01-01 00:00:00,0.33
1970-02-01 00:00:00,325.98
1970-02-01 00:00:00,0.48
1970-03-01 00:00:00,326.93
1970-03-01 00:00:00,0.4
1970-04-01 00:00:00,328.13
1970-04-01 00:00:00,0.45
1970-05-01 00:00:00,328.08
1970-05-01 00:00:00,0.21
1970-06-01 00:00:00,327.67
1970-06-01 00:00:00,0.29
1970-07-01 00:00:00,326.34
1970-07-01 00:00:00,0.14
1970-08-01 00:00:00,324.69
1970-08-01 00:00:00,0.32
1970-09-01 00:00:00,323.1
1970-09-01 00:00:00,0.22
1970-10-01 00:00:00,323.06
1970-10-01 00:00:00,0.4
1970-11-01 00:00:00,324.01
1970-11-01 00:00:00,0.36
1970-12-01 00:00:00,325.13
1970-12-01 00:00:00,0.31
1971-01-01 00:00:00,326.17
1971-01-01 00:00:00,0.34
1971-02-01 00:00:00,326.68
1971-02-01 00:00:00,0.21
1971-03-01 00:00:00,327.17
1971-03-01 00:00:00,0.07
1971-04-01 00:00:00,327.79
1971-04-01 00:00:00,-0.1
1971-05-01 00:00:00,328.93
1971-05-01 00:00:00,0.26
1971-06-01 00:00:00,328.57
1971-06-01 00:00:00,0.27
1971-07-01 00:00:00,327.36
1971-07-01 00:00:00,0.31
1971-08-01 00:00:00,325.43
1971-08-01 00:00:00,0.23
1971-09-01 00:00:00,323.36
1971-09-01 00:00:00,0.08
1971-10-01 00:00:00,323.56
1971-10-01 00:00:00,0.15
1971-11-01 00:00:00,324.8
1971-11-01 00:00:00,0.24
1971-12-01 00:00:00,326.01
1971-12-01 00:00:00,0.27
1972-01-01 00:00:00,326.77
1972-01-01 00:00:00,0.18
1972-02-01 00:00:00,327.63
1972-02-01 00:00:00,0.29
1972-03-01 00:00:00,327.75
1972-03-01 00:00:00,0.18
1972-04-01 00:00:00,329.72
1972-04-01 00:00:00,0.59
1972-05-01 00:00:00,330.07
1972-05-01 00:00:00,0.35
1972-06-01 00:00:00,329.09
1972-06-01 00:00:00,0.16
1972-07-01 00:00:00,328.04
1972-07-01 00:00:00,0.21
1972-08-01 00:00:00,326.32
1972-08-01 00:00:00,0.27
1972-09-01 00:00:00,324.84
1972-09-01 00:00:00,0.46
1972-10-01 00:00:00,325.2
1972-10-01 00:00:00,0.51
1972-11-01 00:00:00,326.5
1972-11-01 00:00:00,0.52
1972-12-01 00:00:00,327.55
1972-12-01 00:00:00,0.47
1973-01-01 00:00:00,328.55
1973-01-01 00:00:00,0.54
1973-02-01 00:00:00,329.56
1973-02-01 00:00:00,0.59
1973-03-01 00:00:00,330.3
1973-03-01 00:00:00,0.78
1973-04-01 00:00:00,331.5
1973-04-01 00:00:00,0.54
1973-05-01 00:00:00,332.48
1973-05-01 00:00:00,0.73
1973-06-01 00:00:00,332.07
1973-06-01 00:00:00,0.91
1973-07-01 00:00:00,330.87
1973-07-01 00:00:00,0.86
1973-08-01 00:00:00,329.31
1973-08-01 00:00:00,0.92
1973-09-01 00:00:00,327.51
1973-09-01 00:00:00,0.82
1973-10-01 00:00:00,327.18
1973-10-01 00:00:00,0.61
1973-11-01 00:00:00,328.16
1973-11-01 00:00:00,0.51
1973-12-01 00:00:00,328.64
1973-12-01 00:00:00,0.33
1974-01-01 00:00:00,329.35
1974-01-01 00:00:00,0.24
1974-02-01 00:00:00,330.71
1974-02-01 00:00:00,0.35
1974-03-01 00:00:00,331.48
1974-03-01 00:00:00,0.36
1974-04-01 00:00:00,332.65
1974-04-01 00:00:00,0.35
1974-05-01 00:00:00,333.18
1974-05-01 00:00:00,0.21
1974-06-01 00:00:00,332.2
1974-06-01 00:00:00,0.04
1974-07-01 00:00:00,331.07
1974-07-01 00:00:00,0.06
1974-08-01 00:00:00,329.15
1974-08-01 00:00:00,-0.05
1974-09-01 00:00:00,327.33
1974-09-01 00:00:00,-0.05
1974-10-01 00:00:00,327.28
1974-10-01 00:00:00,0.03
1974-11-01 00:00:00,328.31
1974-11-01 00:00:00,0.05
1974-12-01 00:00:00,329.58
1974-12-01 00:00:00,0.29
1975-01-01 00:00:00,330.73
1975-01-01 00:00:00,0.42
1975-02-01 00:00:00,331.46
1975-02-01 00:00:00,0.23
1975-03-01 00:00:00,331.94
1975-03-01 00:00:00,0.14
1975-04-01 00:00:00,333.11
1975-04-01 00:00:00,0.14
1975-05-01 00:00:00,333.95
1975-05-01 00:00:00,0.23
1975-06-01 00:00:00,333.42
1975-06-01 00:00:00,0.37
1975-07-01 00:00:00,331.97
1975-07-01 00:00:00,0.27
1975-08-01 00:00:00,329.95
1975-08-01 00:00:00,0.24
1975-09-01 00:00:00,328.5
1975-09-01 00:00:00,0.36
1975-10-01 00:00:00,328.36
1975-10-01 00:00:00,0.33
1975-11-01 00:00:00,329.38
1975-11-01 00:00:00,0.33
1975-12-01 00:00:00,330.78
1975-12-01 00:00:00,0.36
1976-01-01 00:00:00,331.56
1976-01-01 00:00:00,0.25
1976-02-01 00:00:00,332.74
1976-02-01 00:00:00,0.39
1976-03-01 00:00:00,333.36
1976-03-01 00:00:00,0.43
1976-04-01 00:00:00,334.74
1976-04-01 00:00:00,0.49
1976-05-01 00:00:00,334.72
1976-05-01 00:00:00,0.23
1976-06-01 00:00:00,333.98
1976-06-01 00:00:00,0.17
1976-07-01 00:00:00,333.08
1976-07-01 00:00:00,0.33
1976-08-01 00:00:00,330.68
1976-08-01 00:00:00,0.22
1976-09-01 00:00:00,328.96
1976-09-01 00:00:00,0.14
1976-10-01 00:00:00,328.72
1976-10-01 00:00:00,0.11
1976-11-01 00:00:00,330.16
1976-11-01 00:00:00,0.24
1976-12-01 00:00:00,331.62
1976-12-01 00:00:00,0.25
1977-01-01 00:00:00,332.68
1977-01-01 00:00:00,0.34
1977-02-01 00:00:00,333.17
1977-02-01 00:00:00,0.13
1977-03-01 00:00:00,334.96
1977-03-01 00:00:00,0.48
1977-04-01 00:00:00,336.14
1977-04-01 00:00:00,0.42
1977-05-01 00:00:00,336.93
1977-05-01 00:00:00,0.66
1977-06-01 00:00:00,336.17
1977-06-01 00:00:00,0.66
1977-07-01 00:00:00,334.89
1977-07-01 00:00:00,0.54
1977-08-01 00:00:00,332.56
1977-08-01 00:00:00,0.57
1977-09-01 00:00:00,331.29
1977-09-01 00:00:00,0.71
1977-10-01 00:00:00,331.28
1977-10-01 00:00:00,0.78
1977-11-01 00:00:00,332.46
1977-11-01 00:00:00,0.7
1977-12-01 00:00:00,333.6
1977-12-01 00:00:00,0.6
1978-01-01 00:00:00,334.94
1978-01-01 00:00:00,0.68
1978-02-01 00:00:00,335.26
1978-02-01 00:00:00,0.63
1978-03-01 00:00:00,336.66
1978-03-01 00:00:00,0.51
1978-04-01 00:00:00,337.69
1978-04-01 00:00:00,0.46
1978-05-01 00:00:00,338.02
1978-05-01 00:00:00,0.32
1978-06-01 00:00:00,338.01
1978-06-01 00:00:00,0.55
1978-07-01 00:00:00,336.5
1978-07-01 00:00:00,0.48
1978-08-01 00:00:00,334.42
1978-08-01 00:00:00,0.56
1978-09-01 00:00:00,332.36
1978-09-01 00:00:00,0.32
1978-10-01 00:00:00,332.45
1978-10-01 00:00:00,0.35
1978-11-01 00:00:00,333.76
1978-11-01 00:00:00,0.39
1978-12-01 00:00:00,334.91
1978-12-01 00:00:00,0.39
1979-01-01 00:00:00,336.14
1979-01-01 00:00:00,0.36
1979-02-01 00:00:00,336.69
1979-02-01 00:00:00,0.43
1979-03-01 00:00:00,338.27
1979-03-01 00:00:00,0.48
1979-04-01 00:00:00,338.82
1979-04-01 00:00:00,0.33
1979-05-01 00:00:00,339.24
1979-05-01 00:00:00,0.36
1979-06-01 00:00:00,339.26
1979-06-01 00:00:00,0.37
1979-07-01 00:00:00,337.54
1979-07-01 00:00:00,0.31
1979-08-01 00:00:00,335.72
1979-08-01 00:00:00,0.39
1979-09-01 00:00:00,333.97
1979-09-01 00:00:00,0.48
1979-10-01 00:00:00,334.24
1979-10-01 00:00:00,0.54
1979-11-01 00:00:00,335.32
1979-11-01 00:00:00,0.47
1979-12-01 00:00:00,336.81
1979-12-01 00:00:00,0.57
1980-01-01 00:00:00,337.9
1980-01-01 00:00:00,0.52
1980-02-01 00:00:00,338.34
1980-02-01 00:00:00,0.49
1980-03-01 00:00:00,340.07
1980-03-01 00:00:00,0.53
1980-04-01 00:00:00,340.93
1980-04-01 00:00:00,0.62
1980-05-01 00:00:00,341.45
1980-05-01 00:00:00,0.65
1980-06-01 00:00:00,341.36
1980-06-01 00:00:00,0.62
1980-07-01 00:00:00,339.45
1980-07-01 00:00:00,0.57
1980-08-01 00:00:00,337.67
1980-08-01 00:00:00,0.58
1980-09-01 00:00:00,336.25
1980-09-01 00:00:00,0.68
1980-10-01 00:00:00,336.14
1980-10-01 00:00:00,0.57
1980-11-01 00:00:00,337.3
1980-11-01 00:00:00,0.59
1980-12-01 00:00:00,338.29
1980-12-01 00:00:00,0.44
1981-01-01 00:00:00,339.29
1981-01-01 00:00:00,0.41
1981-02-01 00:00:00,340.55
1981-02-01 00:00:00,0.65
1981-03-01 00:00:00,341.63
1981-03-01 00:00:00,0.46
1981-04-01 00:00:00,342.6
1981-04-01 00:00:00,0.49
1981-05-01 00:00:00,343.04
1981-05-01 00:00:00,0.47
1981-06-01 00:00:00,342.54
1981-06-01 00:00:00,0.35
1981-07-01 00:00:00,340.82
1981-07-01 00:00:00,0.4
1981-08-01 00:00:00,338.48
1981-08-01 00:00:00,0.24
1981-09-01 00:00:00,336.95
1981-09-01 00:00:00,0.21
1981-10-01 00:00:00,337.05
1981-10-01 00:00:00,0.27
1981-11-01 00:00:00,338.58
1981-11-01 00:00:00,0.38
1981-12-01 00:00:00,339.91
1981-12-01 00:00:00,0.48
1982-01-01 00:00:00,340.93
1982-01-01 00:00:00,0.48
1982-02-01 00:00:00,341.76
1982-02-01 00:00:00,0.36
1982-03-01 00:00:00,342.78
1982-03-01 00:00:00,0.34
1982-04-01 00:00:00,343.96
1982-04-01 00:00:00,0.4
1982-05-01 00:00:00,344.77
1982-05-01 00:00:00,0.5
1982-06-01 00:00:00,343.88
1982-06-01 00:00:00,0.39
1982-07-01 00:00:00,342.42
1982-07-01 00:00:00,0.47
1982-08-01 00:00:00,340.24
1982-08-01 00:00:00,0.52
1982-09-01 00:00:00,338.38
1982-09-01 00:00:00,0.42
1982-10-01 00:00:00,338.41
1982-10-01 00:00:00,0.4
1982-11-01 00:00:00,339.44
1982-11-01 00:00:00,0.25
1982-12-01 00:00:00,340.78
1982-12-01 00:00:00,0.26
1983-01-01 00:00:00,341.57
1983-01-01 00:00:00,0.19
1983-02-01 00:00:00,342.79
1983-02-01 00:00:00,0.3
1983-03-01 00:00:00,343.37
1983-03-01 00:00:00,0.17
1983-04-01 00:00:00,345.39
1983-04-01 00:00:00,0.42
1983-05-01 00:00:00,346.14
1983-05-01 00:00:00,0.4
1983-06-01 00:00:00,345.76
1983-06-01 00:00:00,0.55
1983-07-01 00:00:00,344.32
1983-07-01 00:00:00,0.55
1983-08-01 00:00:00,342.51
1983-08-01 00:00:00,0.67
1983-09-01 00:00:00,340.46
1983-09-01 00:00:00,0.61
1983-10-01 00:00:00,340.53
1983-10-01 00:00:00,0.63
1983-11-01 00:00:00,341.79
1983-11-01 00:00:00,0.69
1983-12-01 00:00:00,343.2
1983-12-01 00:00:00,0.71
1984-01-01 00:00:00,344.21
1984-01-01 00:00:00,0.77
1984-02-01 00:00:00,344.92
1984-02-01 00:00:00,0.62
1984-03-01 00:00:00,345.68
1984-03-01 00:00:00,0.67
1984-04-01 00:00:00,347.38
1984-04-01 00:00:00,0.58
1984-05-01 00:00:00,347.78
1984-05-01 00:00:00,0.47
1984-06-01 00:00:00,347.16
1984-06-01 00:00:00,0.4
1984-07-01 00:00:00,345.79
1984-07-01 00:00:00,0.43
1984-08-01 00:00:00,343.74
1984-08-01 00:00:00,0.36
1984-09-01 00:00:00,341.59
1984-09-01 00:00:00,0.33
1984-10-01 00:00:00,341.86
1984-10-01 00:00:00,0.39
1984-11-01 00:00:00,343.31
1984-11-01 00:00:00,0.44
1984-12-01 00:00:00,345.0
1984-12-01 00:00:00,0.52
1985-01-01 00:00:00,345.48
1985-01-01 00:00:00,0.37
1985-02-01 00:00:00,346.42
1985-02-01 00:00:00,0.43
1985-03-01 00:00:00,347.91
1985-03-01 00:00:00,0.65
1985-04-01 00:00:00,348.66
1985-04-01 00:00:00,0.37
1985-05-01 00:00:00,349.28
1985-05-01 00:00:00,0.43
1985-06-01 00:00:00,348.65
1985-06-01 00:00:00,0.43
1985-07-01 00:00:00,346.9
1985-07-01 00:00:00,0.32
1985-08-01 00:00:00,345.26
1985-08-01 00:00:00,0.44
1985-09-01 00:00:00,343.47
1985-09-01 00:00:00,0.55
1985-10-01 00:00:00,343.35
1985-10-01 00:00:00,0.44
1985-11-01 00:00:00,344.73
1985-11-01 00:00:00,0.41
1985-12-01 00:00:00,346.12
1985-12-01 00:00:00,0.32
1986-01-01 00:00:00,346.78
1986-01-01 00:00:00,0.38
1986-02-01 00:00:00,347.48
1986-02-01 00:00:00,0.31
1986-03-01 00:00:00,348.25
1986-03-01 00:00:00,0.1
1986-04-01 00:00:00,349.86
1986-04-01 00:00:00,0.34
1986-05-01 00:00:00,350.52
1986-05-01 00:00:00,0.36
1986-06-01 00:00:00,349.98
1986-06-01 00:00:00,0.38
1986-07-01 00:00:00,348.25
1986-07-01 00:00:00,0.39
1986-08-01 00:00:00,346.17
1986-08-01 00:00:00,0.26
1986-09-01 00:00:00,345.48
1986-09-01 00:00:00,0.59
1986-10-01 00:00:00,344.82
1986-10-01 00:00:00,0.43
1986-11-01 00:00:00,346.22
1986-11-01 00:00:00,0.43
1986-12-01 00:00:00,347.49
1986-12-01 00:00:00,0.4
1987-01-01 00:00:00,348.73
1987-01-01 00:00:00,0.56
1987-02-01 00:00:00,348.92
1987-02-01 00:00:00,0.41
1987-03-01 00:00:00,349.81
1987-03-01 00:00:00,0.45
1987-04-01 00:00:00,351.4
1987-04-01 00:00:00,0.44
1987-05-01 00:00:00,352.15
1987-05-01 00:00:00,0.47
1987-06-01 00:00:00,351.58
1987-06-01 00:00:00,0.46
1987-07-01 00:00:00,350.21
1987-07-01 00:00:00,0.56
1987-08-01 00:00:00,348.2
1987-08-01 00:00:00,0.59
1987-09-01 00:00:00,346.66
1987-09-01 00:00:00,0.34
1987-10-01 00:00:00,346.72
1987-10-01 00:00:00,0.55
1987-11-01 00:00:00,348.08
1987-11-01 00:00:00,0.54
1987-12-01 00:00:00,349.28
1987-12-01 00:00:00,0.52
1988-01-01 00:00:00,350.51
1988-01-01 00:00:00,0.51
1988-02-01 00:00:00,351.7
1988-02-01 00:00:00,0.8
1988-03-01 00:00:00,352.5
1988-03-01 00:00:00,0.77
1988-04-01 00:00:00,353.67
1988-04-01 00:00:00,0.65
1988-05-01 00:00:00,354.35
1988-05-01 00:00:00,0.62
1988-06-01 00:00:00,353.88
1988-06-01 00:00:00,0.65
1988-07-01 00:00:00,352.8
1988-07-01 00:00:00,0.74
1988-08-01 00:00:00,350.49
1988-08-01 00:00:00,0.66
1988-09-01 00:00:00,348.97
1988-09-01 00:00:00,0.67
1988-10-01 00:00:00,349.37
1988-10-01 00:00:00,0.76
1988-11-01 00:00:00,350.42
1988-11-01 00:00:00,0.67
1988-12-01 00:00:00,351.62
1988-12-01 00:00:00,0.67
1989-01-01 00:00:00,353.07
1989-01-01 00:00:00,0.73
1989-02-01 00:00:00,353.43
1989-02-01 00:00:00,0.49
1989-03-01 00:00:00,354.08
1989-03-01 00:00:00,0.45
1989-04-01 00:00:00,355.72
1989-04-01 00:00:00,0.58
1989-05-01 00:00:00,355.95
1989-05-01 00:00:00,0.45
1989-06-01 00:00:00,355.44
1989-06-01 00:00:00,0.44
1989-07-01 00:00:00,354.05
1989-07-01 00:00:00,0.35
1989-08-01 00:00:00,351.84
1989-08-01 00:00:00,0.39
1989-09-01 00:00:00,350.09
1989-09-01 00:00:00,0.32
1989-10-01 00:00:00,350.33
1989-10-01 00:00:00,0.27
1989-11-01 00:00:00,351.55
1989-11-01 00:00:00,0.32
1989-12-01 00:00:00,352.91
1989-12-01 00:00:00,0.37
1990-01-01 00:00:00,353.86
1990-01-01 00:00:00,0.22
1990-02-01 00:00:00,355.1
1990-02-01 00:00:00,0.47
1990-03-01 00:00:00,355.75
1990-03-01 00:00:00,0.47
1990-04-01 00:00:00,356.38
1990-04-01 00:00:00,0.19
1990-05-01 00:00:00,357.38
1990-05-01 00:00:00,0.4
1990-06-01 00:00:00,356.39
1990-06-01 00:00:00,0.27
1990-07-01 00:00:00,354.89
1990-07-01 00:00:00,0.24
1990-08-01 00:00:00,353.06
1990-08-01 00:00:00,0.35
1990-09-01 00:00:00,351.38
1990-09-01 00:00:00,0.37
1990-10-01 00:00:00,351.69
1990-10-01 00:00:00,0.39
1990-11-01 00:00:00,353.14
1990-11-01 00:00:00,0.45
1990-12-01 00:00:00,354.41
1990-12-01 00:00:00,0.43
1991-01-01 00:00:00,354.93
1991-01-01 00:00:00,0.3
1991-02-01 00:00:00,355.82
1991-02-01 00:00:00,0.2
1991-03-01 00:00:00,357.33
1991-03-01 00:00:00,0.44
1991-04-01 00:00:00,358.77
1991-04-01 00:00:00,0.67
1991-05-01 00:00:00,359.23
1991-05-01 00:00:00,0.52
1991-06-01 00:00:00,358.23
1991-06-01 00:00:00,0.52
1991-07-01 00:00:00,356.3
1991-07-01 00:00:00,0.4
1991-08-01 00:00:00,353.97
1991-08-01 00:00:00,0.26
1991-09-01 00:00:00,352.34
1991-09-01 00:00:00,0.27
1991-10-01 00:00:00,352.43
1991-10-01 00:00:00,0.21
1991-11-01 00:00:00,353.89
1991-11-01 00:00:00,0.21
1991-12-01 00:00:00,355.21
1991-12-01 00:00:00,0.23
1992-01-01 00:00:00,356.34
1992-01-01 00:00:00,0.4
1992-02-01 00:00:00,357.21
1992-02-01 00:00:00,0.39
1992-03-01 00:00:00,357.97
1992-03-01 00:00:00,0.18
1992-04-01 00:00:00,359.22
1992-04-01 00:00:00,0.13
1992-05-01 00:00:00,359.71
1992-05-01 00:00:00,0.13
1992-06-01 00:00:00,359.44
1992-06-01 00:00:00,0.34
1992-07-01 00:00:00,357.15
1992-07-01 00:00:00,0.24
1992-08-01 00:00:00,354.99
1992-08-01 00:00:00,0.29
1992-09-01 00:00:00,353.01
1992-09-01 00:00:00,0.19
1992-10-01 00:00:00,353.41
1992-10-01 00:00:00,0.28
1992-11-01 00:00:00,354.42
1992-11-01 00:00:00,0.15
1992-12-01 00:00:00,355.68
1992-12-01 00:00:00,0.13
1993-01-01 00:00:00,357.1
1993-01-01 00:00:00,0.21
1993-02-01 00:00:00,357.42
1993-02-01 00:00:00,0.06
1993-03-01 00:00:00,358.59
1993-03-01 00:00:00,0.17
1993-04-01 00:00:00,359.39
1993-04-01 00:00:00,0.05
1993-05-01 00:00:00,360.3
1993-05-01 00:00:00,0.16
1993-06-01 00:00:00,359.64
1993-06-01 00:00:00,0.06
1993-07-01 00:00:00,357.45
1993-07-01 00:00:00,0.08
1993-08-01 00:00:00,355.76
1993-08-01 00:00:00,0.22
1993-09-01 00:00:00,354.14
1993-09-01 00:00:00,0.32
1993-10-01 00:00:00,354.23
1993-10-01 00:00:00,0.23
1993-11-01 00:00:00,355.53
1993-11-01 00:00:00,0.31
1993-12-01 00:00:00,357.03
1993-12-01 00:00:00,0.38
1994-01-01 00:00:00,358.36
1994-01-01 00:00:00,0.35
1994-02-01 00:00:00,359.04
1994-02-01 00:00:00,0.45
1994-03-01 00:00:00,360.11
1994-03-01 00:00:00,0.42
1994-04-01 00:00:00,361.36
1994-04-01 00:00:00,0.55
1994-05-01 00:00:00,361.78
1994-05-01 00:00:00,0.41
1994-06-01 00:00:00,360.94
1994-06-01 00:00:00,0.36
1994-07-01 00:00:00,359.51
1994-07-01 00:00:00,0.58
1994-08-01 00:00:00,357.59
1994-08-01 00:00:00,0.51
1994-09-01 00:00:00,355.86
1994-09-01 00:00:00,0.49
1994-10-01 00:00:00,356.21
1994-10-01 00:00:00,0.56
1994-11-01 00:00:00,357.65
1994-11-01 00:00:00,0.6
1994-12-01 00:00:00,359.1
1994-12-01 00:00:00,0.58
1995-01-01 00:00:00,360.04
1995-01-01 00:00:00,0.47
1995-02-01 00:00:00,361.0
1995-02-01 00:00:00,0.55
1995-03-01 00:00:00,361.98
1995-03-01 00:00:00,0.52
1995-04-01 00:00:00,363.44
1995-04-01 00:00:00,0.58
1995-05-01 00:00:00,363.83
1995-05-01 00:00:00,0.57
1995-06-01 00:00:00,363.33
1995-06-01 00:00:00,0.66
1995-07-01 00:00:00,361.78
1995-07-01 00:00:00,0.63
1995-08-01 00:00:00,359.33
1995-08-01 00:00:00,0.49
1995-09-01 00:00:00,358.32
1995-09-01 00:00:00,0.69
1995-10-01 00:00:00,358.14
1995-10-01 00:00:00,0.54
1995-11-01 00:00:00,359.61
1995-11-01 00:00:00,0.55
1995-12-01 00:00:00,360.82
1995-12-01 00:00:00,0.48
1996-01-01 00:00:00,362.2
1996-01-01 00:00:00,0.6
1996-02-01 00:00:00,363.36
1996-02-01 00:00:00,0.65
1996-03-01 00:00:00,364.28
1996-03-01 00:00:00,0.64
1996-04-01 00:00:00,364.69
1996-04-01 00:00:00,0.34
1996-05-01 00:00:00,365.25
1996-05-01 00:00:00,0.39
1996-06-01 00:00:00,365.06
1996-06-01 00:00:00,0.48
1996-07-01 00:00:00,363.69
1996-07-01 00:00:00,0.53
1996-08-01 00:00:00,361.55
1996-08-01 00:00:00,0.62
1996-09-01 00:00:00,359.69
1996-09-01 00:00:00,0.38
1996-10-01 00:00:00,359.72
1996-10-01 00:00:00,0.44
1996-11-01 00:00:00,361.04
1996-11-01 00:00:00,0.4
1996-12-01 00:00:00,362.39
1996-12-01 00:00:00,0.44
1997-01-01 00:00:00,363.24
1997-01-01 00:00:00,0.29
1997-02-01 00:00:00,364.21
1997-02-01 00:00:00,0.23
1997-03-01 00:00:00,364.65
1997-03-01 00:00:00,0.1
1997-04-01 00:00:00,366.48
1997-04-01 00:00:00,0.49
1997-05-01 00:00:00,366.77
1997-05-01 00:00:00,0.42
1997-06-01 00:00:00,365.73
1997-06-01 00:00:00,0.18
1997-07-01 00:00:00,364.46
1997-07-01 00:00:00,0.21
1997-08-01 00:00:00,362.4
1997-08-01 00:00:00,0.24
1997-09-01 00:00:00,360.44
1997-09-01 00:00:00,0.21
1997-10-01 00:00:00,360.98
1997-10-01 00:00:00,0.35
1997-11-01 00:00:00,362.65
1997-11-01 00:00:00,0.45
1997-12-01 00:00:00,364.51
1997-12-01 00:00:00,0.59
1998-01-01 00:00:00,365.39
1998-01-01 00:00:00,0.59
1998-02-01 00:00:00,366.1
1998-02-01 00:00:00,0.52
1998-03-01 00:00:00,367.36
1998-03-01 00:00:00,0.74
1998-04-01 00:00:00,368.79
1998-04-01 00:00:00,0.63
1998-05-01 00:00:00,369.56
1998-05-01 00:00:00,0.76
1998-06-01 00:00:00,369.13
1998-06-01 00:00:00,0.93
1998-07-01 00:00:00,367.98
1998-07-01 00:00:00,0.97
1998-08-01 00:00:00,366.1
1998-08-01 00:00:00,1.02
1998-09-01 00:00:00,364.16
1998-09-01 00:00:00,1.03
1998-10-01 00:00:00,364.54
1998-10-01 00:00:00,0.99
1998-11-01 00:00:00,365.67
1998-11-01 00:00:00,0.83
1998-12-01 00:00:00,367.3
1998-12-01 00:00:00,0.77
1999-01-01 00:00:00,368.35
1999-01-01 00:00:00,0.81
1999-02-01 00:00:00,369.28
1999-02-01 00:00:00,0.87
1999-03-01 00:00:00,369.84
1999-03-01 00:00:00,0.68
1999-04-01 00:00:00,371.15
1999-04-01 00:00:00,0.64
1999-05-01 00:00:00,371.12
1999-05-01 00:00:00,0.42
1999-06-01 00:00:00,370.46
1999-06-01 00:00:00,0.36
1999-07-01 00:00:00,369.61
1999-07-01 00:00:00,0.44
1999-08-01 00:00:00,367.06
1999-08-01 00:00:00,0.26
1999-09-01 00:00:00,364.95
1999-09-01 00:00:00,0.22
1999-10-01 00:00:00,365.52
1999-10-01 00:00:00,0.27
1999-11-01 00:00:00,366.88
1999-11-01 00:00:00,0.33
1999-12-01 00:00:00,368.26
1999-12-01 00:00:00,0.26
2000-01-01 00:00:00,369.45
2000-01-01 00:00:00,0.3
2000-02-01 00:00:00,369.71
2000-02-01 00:00:00,0.12
2000-03-01 00:00:00,370.75
2000-03-01 00:00:00,0.25
2000-04-01 00:00:00,371.98
2000-04-01 00:00:00,0.22
2000-05-01 00:00:00,371.75
2000-05-01 00:00:00,0.17
2000-06-01 00:00:00,371.87
2000-06-01 00:00:00,0.38
2000-07-01 00:00:00,370.02
2000-07-01 00:00:00,0.11
2000-08-01 00:00:00,368.27
2000-08-01 00:00:00,0.33
2000-09-01 00:00:00,367.15
2000-09-01 00:00:00,0.6
2000-10-01 00:00:00,367.18
2000-10-01 00:00:00,0.45
2000-11-01 00:00:00,368.53
2000-11-01 00:00:00,0.45
2000-12-01 00:00:00,369.83
2000-12-01 00:00:00,0.43
2001-01-01 00:00:00,370.76
2001-01-01 00:00:00,0.35
2001-02-01 00:00:00,371.69
2001-02-01 00:00:00,0.54
2001-03-01 00:00:00,372.63
2001-03-01 00:00:00,0.51
2001-04-01 00:00:00,373.55
2001-04-01 00:00:00,0.42
2001-05-01 00:00:00,374.03
2001-05-01 00:00:00,0.61
2001-06-01 00:00:00,373.4
2001-06-01 00:00:00,0.41
2001-07-01 00:00:00,371.68
2001-07-01 00:00:00,0.45
2001-08-01 00:00:00,369.78
2001-08-01 00:00:00,0.41
2001-09-01 00:00:00,368.34
2001-09-01 00:00:00,0.32
2001-10-01 00:00:00,368.61
2001-10-01 00:00:00,0.39
2001-11-01 00:00:00,369.94
2001-11-01 00:00:00,0.38
2001-12-01 00:00:00,371.42
2001-12-01 00:00:00,0.43
2002-01-01 00:00:00,372.7
2002-01-01 00:00:00,0.52
2002-02-01 00:00:00,373.37
2002-02-01 00:00:00,0.45
2002-03-01 00:00:00,374.3
2002-03-01 00:00:00,0.45
2002-04-01 00:00:00,375.19
2002-04-01 00:00:00,0.44
2002-05-01 00:00:00,375.93
2002-05-01 00:00:00,0.51
2002-06-01 00:00:00,375.69
2002-06-01 00:00:00,0.61
2002-07-01 00:00:00,374.16
2002-07-01 00:00:00,0.67
2002-08-01 00:00:00,372.03
2002-08-01 00:00:00,0.61
2002-09-01 00:00:00,370.92
2002-09-01 00:00:00,0.7
2002-10-01 00:00:00,370.73
2002-10-01 00:00:00,0.58
2002-11-01 00:00:00,372.43
2002-11-01 00:00:00,0.67
2002-12-01 00:00:00,373.98
2002-12-01 00:00:00,0.69
2003-01-01 00:00:00,375.07
2003-01-01 00:00:00,0.64
2003-02-01 00:00:00,375.82
2003-02-01 00:00:00,0.66
2003-03-01 00:00:00,376.64
2003-03-01 00:00:00,0.63
2003-04-01 00:00:00,377.92
2003-04-01 00:00:00,0.73
2003-05-01 00:00:00,378.78
2003-05-01 00:00:00,0.76
2003-06-01 00:00:00,378.46
2003-06-01 00:00:00,0.74
2003-07-01 00:00:00,376.88
2003-07-01 00:00:00,0.73
2003-08-01 00:00:00,374.57
2003-08-01 00:00:00,0.68
2003-09-01 00:00:00,373.34
2003-09-01 00:00:00,0.65
2003-10-01 00:00:00,373.31
2003-10-01 00:00:00,0.7
2003-11-01 00:00:00,374.84
2003-11-01 00:00:00,0.65
2003-12-01 00:00:00,376.17
2003-12-01 00:00:00,0.59
2004-01-01 00:00:00,377.17
2004-01-01 00:00:00,0.56
2004-02-01 00:00:00,378.05
2004-02-01 00:00:00,0.59
2004-03-01 00:00:00,379.06
2004-03-01 00:00:00,0.64
2004-04-01 00:00:00,380.54
2004-04-01 00:00:00,0.69
2004-05-01 00:00:00,380.8
2004-05-01 00:00:00,0.53
2004-06-01 00:00:00,379.87
2004-06-01 00:00:00,0.37
2004-07-01 00:00:00,377.65
2004-07-01 00:00:00,0.2
2004-08-01 00:00:00,376.17
2004-08-01 00:00:00,0.43
2004-09-01 00:00:00,374.43
2004-09-01 00:00:00,0.29
2004-10-01 00:00:00,374.63
2004-10-01 00:00:00,0.35
2004-11-01 00:00:00,376.33
2004-11-01 00:00:00,0.4
2004-12-01 00:00:00,377.68
2004-12-01 00:00:00,0.4
2005-01-01 00:00:00,378.63
2005-01-01 00:00:00,0.39
2005-02-01 00:00:00,379.91
2005-02-01 00:00:00,0.49
2005-03-01 00:00:00,380.95
2005-03-01 00:00:00,0.5
2005-04-01 00:00:00,382.48
2005-04-01 00:00:00,0.51
2005-05-01 00:00:00,382.64
2005-05-01 00:00:00,0.48
2005-06-01 00:00:00,382.4
2005-06-01 00:00:00,0.67
2005-07-01 00:00:00,380.93
2005-07-01 00:00:00,0.87
2005-08-01 00:00:00,378.93
2005-08-01 00:00:00,0.73
2005-09-01 00:00:00,376.89
2005-09-01 00:00:00,0.66
2005-10-01 00:00:00,377.19
2005-10-01 00:00:00,0.68
2005-11-01 00:00:00,378.54
2005-11-01 00:00:00,0.59
2005-12-01 00:00:00,380.31
2005-12-01 00:00:00,0.7
2006-01-01 00:00:00,381.58
2006-01-01 00:00:00,0.78
2006-02-01 00:00:00,382.4
2006-02-01 00:00:00,0.66
2006-03-01 00:00:00,382.86
2006-03-01 00:00:00,0.5
2006-04-01 00:00:00,384.8
2006-04-01 00:00:00,0.61
2006-05-01 00:00:00,385.22
2006-05-01 00:00:00,0.67
2006-06-01 00:00:00,384.24
2006-06-01 00:00:00,0.48
2006-07-01 00:00:00,382.65
2006-07-01 00:00:00,0.45
2006-08-01 00:00:00,380.6
2006-08-01 00:00:00,0.44
2006-09-01 00:00:00,379.04
2006-09-01 00:00:00,0.57
2006-10-01 00:00:00,379.33
2006-10-01 00:00:00,0.57
2006-11-01 00:00:00,380.35
2006-11-01 00:00:00,0.48
2006-12-01 00:00:00,382.02
2006-12-01 00:00:00,0.45
2007-01-01 00:00:00,383.1
2007-01-01 00:00:00,0.4
2007-02-01 00:00:00,384.12
2007-02-01 00:00:00,0.45
2007-03-01 00:00:00,384.81
2007-03-01 00:00:00,0.51
2007-04-01 00:00:00,386.73
2007-04-01 00:00:00,0.5
2007-05-01 00:00:00,386.78
2007-05-01 00:00:00,0.4
2007-06-01 00:00:00,386.33
2007-06-01 00:00:00,0.54
2007-07-01 00:00:00,384.73
2007-07-01 00:00:00,0.54
2007-08-01 00:00:00,382.24
2007-08-01 00:00:00,0.43
2007-09-01 00:00:00,381.2
2007-09-01 00:00:00,0.57
2007-10-01 00:00:00,381.37
2007-10-01 00:00:00,0.54
2007-11-01 00:00:00,382.7
2007-11-01 00:00:00,0.62
2007-12-01 00:00:00,384.19
2007-12-01 00:00:00,0.57
2008-01-01 00:00:00,385.78
2008-01-01 00:00:00,0.7
2008-02-01 00:00:00,386.06
2008-02-01 00:00:00,0.51
2008-03-01 00:00:00,386.28
2008-03-01 00:00:00,0.38
2008-04-01 00:00:00,387.34
2008-04-01 00:00:00,0.16
2008-05-01 00:00:00,388.78
2008-05-01 00:00:00,0.52
2008-06-01 00:00:00,387.99
2008-06-01 00:00:00,0.43
2008-07-01 00:00:00,386.61
2008-07-01 00:00:00,0.49
2008-08-01 00:00:00,384.32
2008-08-01 00:00:00,0.54
2008-09-01 00:00:00,383.41
2008-09-01 00:00:00,0.58
2008-10-01 00:00:00,383.21
2008-10-01 00:00:00,0.48
2008-11-01 00:00:00,384.41
2008-11-01 00:00:00,0.45
2008-12-01 00:00:00,385.79
2008-12-01 00:00:00,0.42
2009-01-01 00:00:00,387.17
2009-01-01 00:00:00,0.36
2009-02-01 00:00:00,387.7
2009-02-01 00:00:00,0.42
2009-03-01 00:00:00,389.04
2009-03-01 00:00:00,0.71
2009-04-01 00:00:00,389.76
2009-04-01 00:00:00,0.62
2009-05-01 00:00:00,390.36
2009-05-01 00:00:00,0.41
2009-06-01 00:00:00,389.7
2009-06-01 00:00:00,0.44
2009-07-01 00:00:00,388.24
2009-07-01 00:00:00,0.42
2009-08-01 00:00:00,386.29
2009-08-01 00:00:00,0.51
2009-09-01 00:00:00,384.95
2009-09-01 00:00:00,0.4
2009-10-01 00:00:00,384.64
2009-10-01 00:00:00,0.37
2009-11-01 00:00:00,386.23
2009-11-01 00:00:00,0.47
2009-12-01 00:00:00,387.63
2009-12-01 00:00:00,0.48
2010-01-01 00:00:00,388.91
2010-01-01 00:00:00,0.45
2010-02-01 00:00:00,390.41
2010-02-01 00:00:00,0.7
2010-03-01 00:00:00,391.37
2010-03-01 00:00:00,0.6
2010-04-01 00:00:00,392.67
2010-04-01 00:00:00,0.75
2010-05-01 00:00:00,393.21
2010-05-01 00:00:00,0.73
2010-06-01 00:00:00,392.38
2010-06-01 00:00:00,0.69
2010-07-01 00:00:00,390.41
2010-07-01 00:00:00,0.56
2010-08-01 00:00:00,388.54
2010-08-01 00:00:00,0.58
2010-09-01 00:00:00,387.03
2010-09-01 00:00:00,0.54
2010-10-01 00:00:00,387.43
2010-10-01 00:00:00,0.73
2010-11-01 00:00:00,388.87
2010-11-01 00:00:00,0.68
2010-12-01 00:00:00,389.99
2010-12-01 00:00:00,0.61
2011-01-01 00:00:00,391.5
2011-01-01 00:00:00,0.67
2011-02-01 00:00:00,392.05
2011-02-01 00:00:00,0.42
2011-03-01 00:00:00,392.8
2011-03-01 00:00:00,0.37
2011-04-01 00:00:00,393.44
2011-04-01 00:00:00,0.2
2011-05-01 00:00:00,394.41
2011-05-01 00:00:00,0.31
2011-06-01 00:00:00,393.95
2011-06-01 00:00:00,0.4
2011-07-01 00:00:00,392.72
2011-07-01 00:00:00,0.59
2011-08-01 00:00:00,390.33
2011-08-01 00:00:00,0.46
2011-09-01 00:00:00,389.28
2011-09-01 00:00:00,0.58
2011-10-01 00:00:00,389.19
2011-10-01 00:00:00,0.45
2011-11-01 00:00:00,390.48
2011-11-01 00:00:00,0.41
2011-12-01 00:00:00,392.06
2011-12-01 00:00:00,0.53
2012-01-01 00:00:00,393.31
2012-01-01 00:00:00,0.46
2012-02-01 00:00:00,394.04
2012-02-01 00:00:00,0.51
2012-03-01 00:00:00,394.59
2012-03-01 00:00:00,0.46
2012-04-01 00:00:00,396.38
2012-04-01 00:00:00,0.75
2012-05-01 00:00:00,396.93
2012-05-01 00:00:00,0.64
2012-06-01 00:00:00,395.91
2012-06-01 00:00:00,0.5
2012-07-01 00:00:00,394.56
2012-07-01 00:00:00,0.47
2012-08-01 00:00:00,392.59
2012-08-01 00:00:00,0.58
2012-09-01 00:00:00,391.32
2012-09-01 00:00:00,0.52
2012-10-01 00:00:00,391.27
2012-10-01 00:00:00,0.53
2012-11-01 00:00:00,393.2
2012-11-01 00:00:00,0.7
2012-12-01 00:00:00,394.57
2012-12-01 00:00:00,0.64
2013-01-01 00:00:00,395.78
2013-01-01 00:00:00,0.63
2013-02-01 00:00:00,397.03
2013-02-01 00:00:00,0.76
2013-03-01 00:00:00,397.66
2013-03-01 00:00:00,0.78
2013-04-01 00:00:00,398.64
2013-04-01 00:00:00,0.57
2013-05-01 00:00:00,400.02
2013-05-01 00:00:00,0.78
2013-06-01 00:00:00,398.81
2013-06-01 00:00:00,0.73
2013-07-01 00:00:00,397.51
2013-07-01 00:00:00,0.75
2013-08-01 00:00:00,395.39
2013-08-01 00:00:00,0.71
2013-09-01 00:00:00,393.72
2013-09-01 00:00:00,0.61
2013-10-01 00:00:00,393.9
2013-10-01 00:00:00,0.67
2013-11-01 00:00:00,395.36
2013-11-01 00:00:00,0.55
2013-12-01 00:00:00,397.03
2013-12-01 00:00:00,0.62
2014-01-01 00:00:00,398.04
2014-01-01 00:00:00,0.57
2014-02-01 00:00:00,398.27
2014-02-01 00:00:00,0.31
2014-03-01 00:00:00,399.91
2014-03-01 00:00:00,0.57
2014-04-01 00:00:00,401.51
2014-04-01 00:00:00,0.72
2014-05-01 00:00:00,401.96
2014-05-01 00:00:00,0.48
2014-06-01 00:00:00,401.43
2014-06-01 00:00:00,0.66
2014-07-01 00:00:00,399.27
2014-07-01 00:00:00,0.44
2014-08-01 00:00:00,397.18
2014-08-01 00:00:00,0.45
2014-09-01 00:00:00,395.54
2014-09-01 00:00:00,0.46
2014-10-01 00:00:00,396.16
2014-10-01 00:00:00,0.57
2014-11-01 00:00:00,397.4
2014-11-01 00:00:00,0.52
2014-12-01 00:00:00,399.08
2014-12-01 00:00:00,0.52
2015-01-01 00:00:00,400.18
2015-01-01 00:00:00,0.54
2015-02-01 00:00:00,400.55
2015-02-01 00:00:00,0.57
2015-03-01 00:00:00,401.74
2015-03-01 00:00:00,0.46
2015-04-01 00:00:00,403.34
2015-04-01 00:00:00,0.46
2015-05-01 00:00:00,404.15
2015-05-01 00:00:00,0.54
2015-06-01 00:00:00,402.97
2015-06-01 00:00:00,0.38
2015-07-01 00:00:00,401.46
2015-07-01 00:00:00,0.55
2015-08-01 00:00:00,399.11
2015-08-01 00:00:00,0.49
2015-09-01 00:00:00,397.82
2015-09-01 00:00:00,0.58
2015-10-01 00:00:00,398.49
2015-10-01 00:00:00,0.59
2015-11-01 00:00:00,400.27
2015-11-01 00:00:00,0.72
2015-12-01 00:00:00,402.06
2015-12-01 00:00:00,0.75
2016-01-01 00:00:00,402.73
2016-01-01 00:00:00,0.64
2016-02-01 00:00:00,404.25
2016-02-01 00:00:00,0.92
2016-03-01 00:00:00,405.06
2016-03-01 00:00:00,0.83
2016-04-01 00:00:00,407.6
2016-04-01 00:00:00,1.06
2016-05-01 00:00:00,407.9
2016-05-01 00:00:00,0.93
2016-06-01 00:00:00,406.99
2016-06-01 00:00:00,1.0
2016-07-01 00:00:00,404.59
2016-07-01 00:00:00,0.78
2016-08-01 00:00:00,402.45
2016-08-01 00:00:00,0.84
2016-09-01 00:00:00,401.23
2016-09-01 00:00:00,0.86
2016-10-01 00:00:00,401.79
2016-10-01 00:00:00,0.83
2016-11-01 00:00:00,403.72
2016-11-01 00:00:00,0.86
2016-12-01 00:00:00,404.64
2016-12-01 00:00:00,0.64
2017-01-01 00:00:00,406.36
2017-01-01 00:00:00,0.9
2017-02-01 00:00:00,406.66
2017-02-01 00:00:00,0.6
2017-03-01 00:00:00,407.54
2017-03-01 00:00:00,0.61
2017-04-01 00:00:00,409.22
2017-04-01 00:00:00,0.4
2017-05-01 00:00:00,409.89
2017-05-01 00:00:00,0.49
2017-06-01 00:00:00,409.08
2017-06-01 00:00:00,0.51
2017-07-01 00:00:00,407.33
2017-07-01 00:00:00,0.68
2017-08-01 00:00:00,405.32
2017-08-01 00:00:00,0.71
2017-09-01 00:00:00,403.57
2017-09-01 00:00:00,0.58
2017-10-01 00:00:00,403.82
2017-10-01 00:00:00,0.51
2017-11-01 00:00:00,405.31
2017-11-01 00:00:00,0.39
2017-12-01 00:00:00,407.0
2017-12-01 00:00:00,0.58
2018-01-01 00:00:00,408.15
2018-01-01 00:00:00,0.44
2018-02-01 00:00:00,408.52
2018-02-01 00:00:00,0.46
2018-03-01 00:00:00,409.59
2018-03-01 00:00:00,0.5
2018-04-01 00:00:00,410.45
2018-04-01 00:00:00,0.3
2018-05-01 00:00:00,411.44
2018-05-01 00:00:00,0.38
2018-06-01 00:00:00,410.99
2018-06-01 00:00:00,0.47
2018-07-01 00:00:00,408.9
2018-07-01 00:00:00,0.39
2018-08-01 00:00:00,407.16
2018-08-01 00:00:00,0.45
2018-09-01 00:00:00,405.71
2018-09-01 00:00:00,0.53
2018-10-01 00:00:00,406.19
2018-10-01 00:00:00,0.59
2018-11-01 00:00:00,408.21
2018-11-01 00:00:00,0.72
2018-12-01 00:00:00,409.27
2018-12-01 00:00:00,0.56
2019-01-01 00:00:00,411.03
2019-01-01 00:00:00,0.71
2019-02-01 00:00:00,411.96
2019-02-01 00:00:00,0.84
2019-03-01 00:00:00,412.18
2019-03-01 00:00:00,0.63
2019-04-01 00:00:00,413.54
2019-04-01 00:00:00,0.75
2019-05-01 00:00:00,414.86
2019-05-01 00:00:00,0.83
2019-06-01 00:00:00,414.15
2019-06-01 00:00:00,0.77
2019-07-01 00:00:00,411.96
2019-07-01 00:00:00,0.75
2019-08-01 00:00:00,410.17
2019-08-01 00:00:00,0.74
2019-09-01 00:00:00,408.76
2019-09-01 00:00:00,0.75
2019-10-01 00:00:00,408.74
2019-10-01 00:00:00,0.63
2019-11-01 00:00:00,410.47
2019-11-01 00:00:00,0.55
2019-12-01 00:00:00,411.97
2019-12-01 00:00:00,0.66
2020-01-01 00:00:00,413.59
2020-01-01 00:00:00,0.62
2020-02-01 00:00:00,414.32
2020-02-01 00:00:00,0.57
2020-03-01 00:00:00,414.71
2020-03-01 00:00:00,0.61
2020-04-01 00:00:00,416.42
2020-04-01 00:00:00,0.7
2020-05-01 00:00:00,417.28
2020-05-01 00:00:00,0.58
2020-06-01 00:00:00,416.58
2020-06-01 00:00:00,0.59
2020-07-01 00:00:00,414.58
2020-07-01 00:00:00,0.64
2020-08-01 00:00:00,412.75
2020-08-01 00:00:00,0.63
2020-09-01 00:00:00,411.49
2020-09-01 00:00:00,0.67
2020-10-01 00:00:00,411.48
2020-10-01 00:00:00,0.67
2020-11-01 00:00:00,413.1
2020-11-01 00:00:00,0.64
2020-12-01 00:00:00,414.23
2020-12-01 00:00:00,0.55
2021-01-01 00:00:00,415.49
2021-01-01 00:00:00,0.46
2021-02-01 00:00:00,416.72
2021-02-01 00:00:00,0.58
2021-03-01 00:00:00,417.61
2021-03-01 00:00:00,0.7
2021-04-01 00:00:00,419.01
2021-04-01 00:00:00,0.62
2021-05-01 00:00:00,419.09
2021-05-01 00:00:00,0.43
2021-06-01 00:00:00,418.92
2021-06-01 00:00:00,0.56
2021-07-01 00:00:00,416.9
2021-07-01 00:00:00,0.56
2021-08-01 00:00:00,414.42
2021-08-01 00:00:00,0.4
2021-09-01 00:00:00,413.26
2021-09-01 00:00:00,0.43
2021-10-01 00:00:00,413.9
2021-10-01 00:00:00,0.59
2021-11-01 00:00:00,414.97
2021-11-01 00:00:00,0.45
2021-12-01 00:00:00,416.67
2021-12-01 00:00:00,0.59
2022-01-01 00:00:00,418.13
2022-01-01 00:00:00,0.64
2022-02-01 00:00:00,419.24
2022-02-01 00:00:00,0.6
2022-03-01 00:00:00,418.76
2022-03-01 00:00:00,0.28
2022-04-01 00:00:00,420.19
2022-04-01 00:00:00,0.28
2022-05-01 00:00:00,420.97
2022-05-01 00:00:00,0.45
2022-06-01 00:00:00,420.94
2022-06-01 00:00:00,0.48
2022-07-01 00:00:00,418.85
2022-07-01 00:00:00,0.47
2022-08-01 00:00:00,417.15
2022-08-01 00:00:00,0.66
2022-09-01 00:00:00,415.91
2022-09-01 00:00:00,0.64
2022-10-01 00:00:00,415.74
2022-10-01 00:00:00,0.44
2022-11-01 00:00:00,417.47
2022-11-01 00:00:00,0.6
2022-12-01 00:00:00,418.99
2022-12-01 00:00:00,0.56
2023-01-01 00:00:00,419.48
2023-01-01 00:00:00,0.32
2023-02-01 00:00:00,420.3
2023-02-01 00:00:00,0.25
2023-03-01 00:00:00,420.98
2023-03-01 00:00:00,0.53
2023-04-01 00:00:00,423.35
2023-04-01 00:00:00,0.75
2023-05-01 00:00:00,424.0
2023-05-01 00:00:00,0.72
2023-06-01 00:00:00,423.68
2023-06-01 00:00:00,0.65
2023-07-01 00:00:00,421.83
2023-07-01 00:00:00,0.71
2023-08-01 00:00:00,419.68
2023-08-01 00:00:00,0.61
2023-09-01 00:00:00,418.51
2023-09-01 00:00:00,0.63
2023-10-01 00:00:00,418.82
2023-10-01 00:00:00,0.74
2023-11-01 00:00:00,420.46
2023-11-01 00:00:00,0.72
2023-12-01 00:00:00,421.86
2023-12-01 00:00:00,0.68
2024-01-01 00:00:00,0.68
2024-01-01 00:00:00,0.68
